tipo de reclamacion,monto,fraud_reported
injury_claim,6510,Y
injury_claim,780,Y
injury_claim,7700,N
injury_claim,6340,Y
injury_claim,1300,N
injury_claim,6410,Y
injury_claim,21450,N
injury_claim,9380,N
injury_claim,2770,N
injury_claim,4700,N
injury_claim,7910,N
injury_claim,17680,N
injury_claim,4710,N
injury_claim,1120,N
injury_claim,4200,Y
injury_claim,10520,Y
injury_claim,5790,N
injury_claim,14160,N
injury_claim,6630,N
injury_claim,6040,N
injury_claim,0,N
injury_claim,0,N
injury_claim,17880,Y
injury_claim,8180,Y
injury_claim,7080,N
injury_claim,16500,Y
injury_claim,1640,N
injury_claim,1040,Y
injury_claim,7760,N
injury_claim,14100,N
injury_claim,12600,N
injury_claim,7460,Y
injury_claim,3310,N
injury_claim,14020,N
injury_claim,10800,N
injury_claim,10620,Y
injury_claim,6020,Y
injury_claim,1230,N
injury_claim,12460,N
injury_claim,10940,Y
injury_claim,8000,N
injury_claim,16180,Y
injury_claim,5740,N
injury_claim,5680,N
injury_claim,11280,N
injury_claim,6890,N
injury_claim,0,N
injury_claim,6280,Y
injury_claim,810,N
injury_claim,15320,N
injury_claim,16360,N
injury_claim,1320,N
injury_claim,430,N
injury_claim,12820,N
injury_claim,480,N
injury_claim,15780,N
injury_claim,0,N
injury_claim,300,N
injury_claim,7310,N
injury_claim,11440,N
injury_claim,15440,Y
injury_claim,7380,N
injury_claim,5630,N
injury_claim,11420,Y
injury_claim,6570,Y
injury_claim,13720,Y
injury_claim,13800,Y
injury_claim,0,N
injury_claim,12460,N
injury_claim,860,N
injury_claim,12420,Y
injury_claim,6810,Y
injury_claim,3010,N
injury_claim,9520,N
injury_claim,9540,N
injury_claim,11380,N
injury_claim,14900,N
injury_claim,10860,N
injury_claim,1240,N
injury_claim,14440,Y
injury_claim,10160,N
injury_claim,660,N
injury_claim,750,N
injury_claim,1180,N
injury_claim,5540,Y
injury_claim,5830,N
injury_claim,11400,N
injury_claim,11680,N
injury_claim,940,N
injury_claim,0,Y
injury_claim,10300,N
injury_claim,8940,Y
injury_claim,590,N
injury_claim,5890,N
injury_claim,17040,N
injury_claim,1260,N
injury_claim,6630,Y
injury_claim,7210,Y
injury_claim,900,N
injury_claim,700,N
injury_claim,15860,N
injury_claim,10560,N
injury_claim,0,N
injury_claim,330,N
injury_claim,15580,N
injury_claim,480,N
injury_claim,6650,Y
injury_claim,7420,N
injury_claim,10860,Y
injury_claim,5540,Y
injury_claim,7470,N
injury_claim,14000,Y
injury_claim,14740,N
injury_claim,14430,N
injury_claim,1180,N
injury_claim,4770,Y
injury_claim,9320,N
injury_claim,6400,Y
injury_claim,18000,N
injury_claim,13240,N
injury_claim,13860,N
injury_claim,12760,Y
injury_claim,0,Y
injury_claim,8570,N
injury_claim,7000,N
injury_claim,3300,N
injury_claim,5760,N
injury_claim,330,N
injury_claim,10640,Y
injury_claim,4970,Y
injury_claim,14120,N
injury_claim,6150,N
injury_claim,8500,N
injury_claim,4680,N
injury_claim,17360,N
injury_claim,13840,Y
injury_claim,410,N
injury_claim,6550,N
injury_claim,13840,N
injury_claim,12260,N
injury_claim,9460,N
injury_claim,470,N
injury_claim,1890,N
injury_claim,7080,Y
injury_claim,5070,N
injury_claim,7640,Y
injury_claim,12800,Y
injury_claim,4730,N
injury_claim,8960,Y
injury_claim,17280,Y
injury_claim,7520,N
injury_claim,10680,N
injury_claim,9780,Y
injury_claim,10540,N
injury_claim,9040,Y
injury_claim,0,Y
injury_claim,7210,N
injury_claim,1300,N
injury_claim,13040,N
injury_claim,1240,N
injury_claim,560,N
injury_claim,11700,N
injury_claim,13240,N
injury_claim,10790,Y
injury_claim,18180,N
injury_claim,11160,N
injury_claim,12960,Y
injury_claim,12800,N
injury_claim,660,N
injury_claim,670,N
injury_claim,11940,N
injury_claim,6700,Y
injury_claim,4990,N
injury_claim,11100,N
injury_claim,610,N
injury_claim,15920,N
injury_claim,8560,N
injury_claim,11380,N
injury_claim,13100,N
injury_claim,450,N
injury_claim,10220,N
injury_claim,16800,N
injury_claim,16540,N
injury_claim,14880,Y
injury_claim,5490,N
injury_claim,8060,Y
injury_claim,2250,N
injury_claim,1100,N
injury_claim,13440,Y
injury_claim,18520,N
injury_claim,980,N
injury_claim,5610,N
injury_claim,5550,N
injury_claim,1280,N
injury_claim,5020,N
injury_claim,6960,N
injury_claim,530,Y
injury_claim,650,N
injury_claim,5940,N
injury_claim,280,N
injury_claim,960,N
injury_claim,7670,N
injury_claim,740,N
injury_claim,7150,N
injury_claim,4240,N
injury_claim,5440,N
injury_claim,5980,Y
injury_claim,7200,N
injury_claim,7230,N
injury_claim,1760,N
injury_claim,1020,N
injury_claim,1180,N
injury_claim,8580,N
injury_claim,9720,Y
injury_claim,6780,Y
injury_claim,7370,Y
injury_claim,5260,N
injury_claim,1440,N
injury_claim,12780,Y
injury_claim,9260,N
injury_claim,11160,Y
injury_claim,2810,N
injury_claim,8920,N
injury_claim,6340,N
injury_claim,12980,N
injury_claim,7350,N
injury_claim,6840,N
injury_claim,12990,Y
injury_claim,6560,N
injury_claim,14460,N
injury_claim,4880,N
injury_claim,3050,N
injury_claim,6910,N
injury_claim,14500,N
injury_claim,5360,Y
injury_claim,12760,N
injury_claim,4570,N
injury_claim,14300,Y
injury_claim,6460,N
injury_claim,3530,N
injury_claim,5350,N
injury_claim,7370,Y
injury_claim,630,N
injury_claim,10900,N
injury_claim,640,N
injury_claim,7540,Y
injury_claim,6460,N
injury_claim,15180,Y
injury_claim,1180,N
injury_claim,6410,N
injury_claim,5040,Y
injury_claim,7350,Y
injury_claim,680,N
injury_claim,5960,Y
injury_claim,5750,Y
injury_claim,9840,N
injury_claim,10100,N
injury_claim,6410,Y
injury_claim,660,N
injury_claim,5310,Y
injury_claim,350,N
injury_claim,5900,Y
injury_claim,7060,Y
injury_claim,5590,N
injury_claim,5240,N
injury_claim,1060,N
injury_claim,11840,Y
injury_claim,15660,N
injury_claim,4610,N
injury_claim,12540,N
injury_claim,17060,N
injury_claim,560,N
injury_claim,11040,Y
injury_claim,11940,N
injury_claim,10820,N
injury_claim,4170,N
injury_claim,7120,N
injury_claim,10980,Y
injury_claim,5850,Y
injury_claim,14180,N
injury_claim,7760,N
injury_claim,860,Y
injury_claim,1240,N
injury_claim,11980,Y
injury_claim,13260,N
injury_claim,12780,N
injury_claim,5810,N
injury_claim,640,N
injury_claim,7420,Y
injury_claim,1460,N
injury_claim,8560,N
injury_claim,5730,N
injury_claim,10540,Y
injury_claim,15540,N
injury_claim,5340,Y
injury_claim,12020,N
injury_claim,7710,N
injury_claim,600,N
injury_claim,1080,N
injury_claim,7080,N
injury_claim,1280,N
injury_claim,14420,N
injury_claim,17460,N
injury_claim,1260,N
injury_claim,13160,N
injury_claim,4080,Y
injury_claim,4800,Y
injury_claim,5910,Y
injury_claim,14080,N
injury_claim,4570,N
injury_claim,7340,Y
injury_claim,2850,Y
injury_claim,3500,N
injury_claim,13600,N
injury_claim,13000,N
injury_claim,7550,N
injury_claim,15100,N
injury_claim,5360,N
injury_claim,6340,N
injury_claim,12380,Y
injury_claim,13420,N
injury_claim,6360,N
injury_claim,3280,N
injury_claim,9820,N
injury_claim,10080,Y
injury_claim,17680,N
injury_claim,12100,N
injury_claim,5980,N
injury_claim,9420,Y
injury_claim,5060,Y
injury_claim,9920,N
injury_claim,7060,Y
injury_claim,940,N
injury_claim,580,N
injury_claim,0,N
injury_claim,7250,N
injury_claim,4920,N
injury_claim,7810,N
injury_claim,8710,N
injury_claim,4580,N
injury_claim,12960,Y
injury_claim,12800,N
injury_claim,0,Y
injury_claim,960,N
injury_claim,16650,Y
injury_claim,11820,N
injury_claim,6580,N
injury_claim,10540,N
injury_claim,12300,N
injury_claim,14840,Y
injury_claim,12980,N
injury_claim,7180,Y
injury_claim,5220,N
injury_claim,6500,N
injury_claim,6720,N
injury_claim,11500,N
injury_claim,11460,N
injury_claim,10840,N
injury_claim,20700,Y
injury_claim,6170,N
injury_claim,15620,Y
injury_claim,9360,Y
injury_claim,450,N
injury_claim,0,Y
injury_claim,620,Y
injury_claim,360,Y
injury_claim,280,N
injury_claim,6000,N
injury_claim,4450,Y
injury_claim,15560,N
injury_claim,11680,N
injury_claim,4010,N
injury_claim,13520,N
injury_claim,680,Y
injury_claim,5190,N
injury_claim,4860,N
injury_claim,6620,N
injury_claim,9100,N
injury_claim,4420,N
injury_claim,10160,Y
injury_claim,4420,N
injury_claim,11440,N
injury_claim,5550,Y
injury_claim,6270,Y
injury_claim,18220,N
injury_claim,5460,N
injury_claim,16710,N
injury_claim,6940,N
injury_claim,11420,N
injury_claim,6770,N
injury_claim,9680,N
injury_claim,5720,N
injury_claim,5170,N
injury_claim,10920,N
injury_claim,4770,Y
injury_claim,580,N
injury_claim,6110,N
injury_claim,14980,N
injury_claim,580,N
injury_claim,12820,N
injury_claim,7090,N
injury_claim,9180,N
injury_claim,8160,Y
injury_claim,7530,N
injury_claim,7680,Y
injury_claim,15960,N
injury_claim,9640,N
injury_claim,2200,N
injury_claim,7860,N
injury_claim,290,N
injury_claim,1300,N
injury_claim,620,N
injury_claim,11580,N
injury_claim,7880,N
injury_claim,780,N
injury_claim,5570,N
injury_claim,8930,N
injury_claim,11120,N
injury_claim,1000,N
injury_claim,14740,N
injury_claim,6930,N
injury_claim,13520,N
injury_claim,14040,N
injury_claim,6060,N
injury_claim,6480,Y
injury_claim,6080,Y
injury_claim,5820,N
injury_claim,6730,N
injury_claim,8710,Y
injury_claim,5570,N
injury_claim,5670,N
injury_claim,9880,N
injury_claim,6130,Y
injury_claim,11700,N
injury_claim,6660,N
injury_claim,7340,N
injury_claim,4650,N
injury_claim,640,Y
injury_claim,580,N
injury_claim,590,N
injury_claim,6370,N
injury_claim,13660,N
injury_claim,6400,Y
injury_claim,580,N
injury_claim,740,N
injury_claim,6090,Y
injury_claim,4940,N
injury_claim,12500,N
injury_claim,12300,N
injury_claim,6990,N
injury_claim,6230,N
injury_claim,14000,N
injury_claim,780,N
injury_claim,6750,N
injury_claim,4430,N
injury_claim,17300,N
injury_claim,680,N
injury_claim,13300,Y
injury_claim,8630,N
injury_claim,15900,N
injury_claim,6930,Y
injury_claim,9920,N
injury_claim,5970,Y
injury_claim,15380,N
injury_claim,6850,N
injury_claim,8140,N
injury_claim,10620,N
injury_claim,3510,N
injury_claim,9600,N
injury_claim,5910,N
injury_claim,5830,Y
injury_claim,7180,N
injury_claim,15080,N
injury_claim,1180,N
injury_claim,590,Y
injury_claim,5590,N
injury_claim,6380,Y
injury_claim,7270,Y
injury_claim,630,Y
injury_claim,19020,Y
injury_claim,12700,N
injury_claim,12580,N
injury_claim,6630,Y
injury_claim,16300,N
injury_claim,15000,N
injury_claim,8780,N
injury_claim,5370,N
injury_claim,12660,N
injury_claim,11960,N
injury_claim,11600,Y
injury_claim,250,N
injury_claim,4510,N
injury_claim,11580,N
injury_claim,10300,N
injury_claim,12820,Y
injury_claim,13380,N
injury_claim,520,N
injury_claim,6620,N
injury_claim,5780,Y
injury_claim,13340,N
injury_claim,7890,N
injury_claim,9960,N
injury_claim,7040,N
injury_claim,8580,N
injury_claim,11960,Y
injury_claim,12740,N
injury_claim,5930,N
injury_claim,9680,N
injury_claim,6160,N
injury_claim,6180,N
injury_claim,8900,N
injury_claim,820,N
injury_claim,11760,N
injury_claim,11940,Y
injury_claim,5050,N
injury_claim,6500,N
injury_claim,3570,N
injury_claim,14660,Y
injury_claim,4780,N
injury_claim,640,N
injury_claim,14000,N
injury_claim,16020,N
injury_claim,4340,N
injury_claim,5360,N
injury_claim,480,N
injury_claim,530,N
injury_claim,7170,N
injury_claim,300,N
injury_claim,6330,N
injury_claim,6870,Y
injury_claim,15040,N
injury_claim,14720,N
injury_claim,6590,N
injury_claim,1240,N
injury_claim,5690,N
injury_claim,6550,Y
injury_claim,5780,N
injury_claim,6140,N
injury_claim,940,Y
injury_claim,13480,N
injury_claim,6930,N
injury_claim,1660,N
injury_claim,8740,N
injury_claim,5670,N
injury_claim,0,Y
injury_claim,15280,N
injury_claim,13720,N
injury_claim,13800,Y
injury_claim,1440,N
injury_claim,12220,N
injury_claim,4250,N
injury_claim,14400,N
injury_claim,840,Y
injury_claim,630,N
injury_claim,8340,N
injury_claim,14060,Y
injury_claim,900,N
injury_claim,860,N
injury_claim,2730,Y
injury_claim,4880,N
injury_claim,3900,N
injury_claim,16820,Y
injury_claim,6840,N
injury_claim,5530,N
injury_claim,11540,N
injury_claim,16620,N
injury_claim,10860,N
injury_claim,5380,Y
injury_claim,16920,N
injury_claim,6970,N
injury_claim,3640,N
injury_claim,4690,N
injury_claim,14380,N
injury_claim,7530,Y
injury_claim,9480,Y
injury_claim,7110,N
injury_claim,13880,N
injury_claim,5000,Y
injury_claim,7860,N
injury_claim,6420,Y
injury_claim,12240,N
injury_claim,6920,N
injury_claim,13080,N
injury_claim,12380,N
injury_claim,670,N
injury_claim,1020,N
injury_claim,510,N
injury_claim,7240,Y
injury_claim,14180,N
injury_claim,6510,N
injury_claim,0,N
injury_claim,7270,Y
injury_claim,6290,N
injury_claim,7690,Y
injury_claim,7420,N
injury_claim,0,N
injury_claim,500,N
injury_claim,500,Y
injury_claim,6050,N
injury_claim,6880,N
injury_claim,4370,Y
injury_claim,7120,N
injury_claim,10000,Y
injury_claim,0,N
injury_claim,5970,N
injury_claim,6860,N
injury_claim,5750,N
injury_claim,870,N
injury_claim,15420,N
injury_claim,6600,N
injury_claim,9980,N
injury_claim,6730,N
injury_claim,11180,N
injury_claim,6630,N
injury_claim,490,N
injury_claim,14140,N
injury_claim,7470,Y
injury_claim,4060,N
injury_claim,10060,N
injury_claim,4280,N
injury_claim,4070,Y
injury_claim,6300,N
injury_claim,400,N
injury_claim,7180,Y
injury_claim,560,N
injury_claim,15500,N
injury_claim,12140,N
injury_claim,1100,N
injury_claim,15980,Y
injury_claim,11000,Y
injury_claim,16040,N
injury_claim,9760,N
injury_claim,5380,N
injury_claim,4530,Y
injury_claim,9880,N
injury_claim,520,Y
injury_claim,0,N
injury_claim,670,N
injury_claim,5080,Y
injury_claim,5190,N
injury_claim,8150,N
injury_claim,0,N
injury_claim,5660,N
injury_claim,9440,Y
injury_claim,9720,N
injury_claim,5710,N
injury_claim,14080,N
injury_claim,6830,N
injury_claim,460,N
injury_claim,6600,Y
injury_claim,0,Y
injury_claim,7770,N
injury_claim,12500,Y
injury_claim,16560,N
injury_claim,4030,N
injury_claim,9500,N
injury_claim,780,N
injury_claim,11880,Y
injury_claim,6690,N
injury_claim,8720,N
injury_claim,6280,N
injury_claim,11900,N
injury_claim,5940,N
injury_claim,7580,N
injury_claim,6310,N
injury_claim,5240,Y
injury_claim,17400,Y
injury_claim,4200,N
injury_claim,5850,N
injury_claim,11040,N
injury_claim,8180,N
injury_claim,10700,N
injury_claim,4040,N
injury_claim,3720,N
injury_claim,480,N
injury_claim,840,N
injury_claim,10540,N
injury_claim,0,N
injury_claim,13860,N
injury_claim,4060,N
injury_claim,6720,N
injury_claim,440,N
injury_claim,550,N
injury_claim,4270,Y
injury_claim,3660,Y
injury_claim,5000,N
injury_claim,640,N
injury_claim,13700,N
injury_claim,6240,N
injury_claim,5730,N
injury_claim,5770,N
injury_claim,8080,Y
injury_claim,1200,N
injury_claim,9650,N
injury_claim,0,N
injury_claim,300,N
injury_claim,4300,N
injury_claim,5010,N
injury_claim,480,N
injury_claim,11460,Y
injury_claim,14880,Y
injury_claim,3530,Y
injury_claim,480,N
injury_claim,4630,Y
injury_claim,3780,Y
injury_claim,11700,Y
injury_claim,13220,N
injury_claim,7510,Y
injury_claim,13100,Y
injury_claim,5710,Y
injury_claim,7020,Y
injury_claim,490,N
injury_claim,5540,Y
injury_claim,4580,Y
injury_claim,9900,N
injury_claim,5540,Y
injury_claim,4990,N
injury_claim,12480,N
injury_claim,16280,N
injury_claim,1300,N
injury_claim,11160,N
injury_claim,1060,N
injury_claim,17180,Y
injury_claim,790,N
injury_claim,6720,N
injury_claim,6440,N
injury_claim,480,N
injury_claim,15660,Y
injury_claim,14940,Y
injury_claim,10060,Y
injury_claim,4420,N
injury_claim,6060,N
injury_claim,7120,N
injury_claim,16160,N
injury_claim,5070,N
injury_claim,11380,N
injury_claim,8640,N
injury_claim,5280,N
injury_claim,9200,N
injury_claim,1400,N
injury_claim,13520,N
injury_claim,6800,N
injury_claim,13000,Y
injury_claim,13020,Y
injury_claim,6060,Y
injury_claim,6770,Y
injury_claim,2930,N
injury_claim,6950,N
injury_claim,9880,N
injury_claim,16460,N
injury_claim,1460,N
injury_claim,6390,N
injury_claim,4830,N
injury_claim,9220,N
injury_claim,14380,N
injury_claim,17580,N
injury_claim,5340,N
injury_claim,9460,N
injury_claim,14920,N
injury_claim,8060,N
injury_claim,5810,N
injury_claim,12400,Y
injury_claim,13500,Y
injury_claim,11920,Y
injury_claim,12780,N
injury_claim,5000,N
injury_claim,12360,N
injury_claim,5870,N
injury_claim,7050,N
injury_claim,17370,N
injury_claim,5260,N
injury_claim,8400,N
injury_claim,6330,N
injury_claim,8840,N
injury_claim,3520,N
injury_claim,10,N
injury_claim,6260,N
injury_claim,6340,N
injury_claim,5040,N
injury_claim,6740,N
injury_claim,8980,N
injury_claim,11560,N
injury_claim,680,N
injury_claim,460,N
injury_claim,3260,Y
injury_claim,7700,Y
injury_claim,10740,N
injury_claim,3160,N
injury_claim,8280,Y
injury_claim,7740,N
injury_claim,1060,N
injury_claim,4770,Y
injury_claim,4200,N
injury_claim,5770,N
injury_claim,4680,N
injury_claim,5550,N
injury_claim,16860,Y
injury_claim,3070,N
injury_claim,11320,N
injury_claim,660,N
injury_claim,3480,N
injury_claim,7950,N
injury_claim,5600,N
injury_claim,16280,Y
injury_claim,900,N
injury_claim,4800,N
injury_claim,10440,N
injury_claim,12300,N
injury_claim,15640,N
injury_claim,13800,Y
injury_claim,6340,N
injury_claim,520,N
injury_claim,5310,Y
injury_claim,640,N
injury_claim,14580,N
injury_claim,7070,N
injury_claim,5470,N
injury_claim,13600,Y
injury_claim,820,N
injury_claim,5590,N
injury_claim,720,N
injury_claim,8200,N
injury_claim,12120,N
injury_claim,15280,Y
injury_claim,10600,N
injury_claim,5210,N
injury_claim,5900,N
injury_claim,14940,N
injury_claim,12100,N
injury_claim,7720,Y
injury_claim,5550,N
injury_claim,12560,Y
injury_claim,760,N
injury_claim,11300,N
injury_claim,1120,N
injury_claim,900,N
injury_claim,21330,N
injury_claim,540,Y
injury_claim,9340,Y
injury_claim,10320,N
injury_claim,600,N
injury_claim,5430,N
injury_claim,860,N
injury_claim,6870,Y
injury_claim,7960,N
injury_claim,6240,Y
injury_claim,5270,N
injury_claim,7620,N
injury_claim,12980,Y
injury_claim,570,N
injury_claim,8630,N
injury_claim,4680,Y
injury_claim,7040,N
injury_claim,7590,N
injury_claim,5790,N
injury_claim,5490,N
injury_claim,6620,N
injury_claim,10680,N
injury_claim,8500,N
injury_claim,8900,N
injury_claim,10700,N
injury_claim,8240,N
injury_claim,6780,N
injury_claim,7420,N
injury_claim,5270,N
injury_claim,13640,Y
injury_claim,7100,N
injury_claim,11860,N
injury_claim,6690,Y
injury_claim,3710,Y
injury_claim,15080,N
injury_claim,420,N
injury_claim,5850,Y
injury_claim,7680,N
injury_claim,6610,N
injury_claim,4420,Y
injury_claim,770,N
injury_claim,10240,N
injury_claim,5440,Y
injury_claim,9760,N
injury_claim,6730,Y
injury_claim,3340,Y
injury_claim,15580,N
injury_claim,0,Y
injury_claim,10220,N
injury_claim,13280,N
injury_claim,6860,N
injury_claim,640,N
injury_claim,12120,N
injury_claim,10240,N
injury_claim,9500,N
injury_claim,5390,N
injury_claim,220,N
injury_claim,1380,N
injury_claim,1000,N
injury_claim,11040,Y
injury_claim,660,N
injury_claim,11760,N
injury_claim,0,N
injury_claim,470,N
injury_claim,6940,N
injury_claim,4050,N
injury_claim,5000,N
injury_claim,11220,N
injury_claim,8410,N
injury_claim,6430,Y
injury_claim,6440,N
injury_claim,16180,N
injury_claim,500,N
injury_claim,3070,N
injury_claim,3720,N
injury_claim,14540,N
injury_claim,3880,Y
injury_claim,7980,N
injury_claim,14560,N
injury_claim,0,Y
injury_claim,400,N
injury_claim,10440,N
injury_claim,12660,N
injury_claim,13820,Y
injury_claim,8040,N
injury_claim,5200,N
injury_claim,560,N
injury_claim,13780,N
injury_claim,5940,N
injury_claim,430,N
injury_claim,8320,Y
injury_claim,6790,Y
injury_claim,420,N
injury_claim,10000,Y
injury_claim,13200,Y
injury_claim,6140,N
injury_claim,5140,N
injury_claim,5420,N
injury_claim,5820,N
injury_claim,13520,Y
injury_claim,5340,N
injury_claim,14360,N
injury_claim,8530,Y
injury_claim,11100,Y
injury_claim,860,N
injury_claim,8520,N
injury_claim,780,N
injury_claim,15700,N
injury_claim,7870,N
injury_claim,15120,N
injury_claim,5300,Y
injury_claim,4840,N
injury_claim,13520,N
injury_claim,11360,N
injury_claim,940,N
injury_claim,5770,N
injury_claim,14920,N
injury_claim,420,N
injury_claim,5020,N
injury_claim,9020,N
injury_claim,15120,N
injury_claim,15660,N
injury_claim,9600,N
injury_claim,600,N
injury_claim,11440,N
injury_claim,1380,N
injury_claim,12320,N
injury_claim,960,N
injury_claim,390,Y
injury_claim,9040,N
injury_claim,6290,N
injury_claim,5420,Y
injury_claim,5180,N
injury_claim,600,N
injury_claim,13480,N
injury_claim,13560,N
injury_claim,5540,Y
injury_claim,9820,Y
injury_claim,15120,Y
injury_claim,6050,N
injury_claim,14080,N
injury_claim,4440,Y
injury_claim,15380,N
injury_claim,9920,N
injury_claim,7470,N
injury_claim,6110,N
injury_claim,5190,Y
injury_claim,430,N
injury_claim,5710,N
injury_claim,7690,N
injury_claim,15400,Y
injury_claim,9280,Y
injury_claim,12140,N
injury_claim,5920,N
injury_claim,3810,N
injury_claim,0,N
injury_claim,3670,N
injury_claim,6020,N
injury_claim,540,N
injury_claim,17440,N
injury_claim,18080,N
injury_claim,7500,N
injury_claim,5220,N
injury_claim,460,N
property_claim,13020,Y
property_claim,780,Y
property_claim,3850,N
property_claim,6340,Y
property_claim,650,N
property_claim,6410,Y
property_claim,7150,N
property_claim,9380,N
property_claim,2770,N
property_claim,4700,N
property_claim,15820,N
property_claim,17680,N
property_claim,9420,N
property_claim,1120,N
property_claim,8400,Y
property_claim,10520,Y
property_claim,5790,N
property_claim,7080,N
property_claim,13260,N
property_claim,6040,N
property_claim,5240,N
property_claim,4730,N
property_claim,5960,Y
property_claim,16360,Y
property_claim,14160,N
property_claim,11000,Y
property_claim,820,N
property_claim,520,Y
property_claim,15520,N
property_claim,14100,N
property_claim,12600,N
property_claim,7460,Y
property_claim,3310,N
property_claim,14020,N
property_claim,5400,N
property_claim,5310,Y
property_claim,6020,Y
property_claim,820,N
property_claim,6230,N
property_claim,10940,Y
property_claim,4000,N
property_claim,16180,Y
property_claim,5740,N
property_claim,5680,N
property_claim,11280,N
property_claim,0,N
property_claim,14020,N
property_claim,6280,Y
property_claim,810,N
property_claim,7660,N
property_claim,8180,N
property_claim,660,N
property_claim,430,N
property_claim,12820,N
property_claim,480,N
property_claim,7890,N
property_claim,6270,N
property_claim,300,N
property_claim,7310,N
property_claim,5720,N
property_claim,0,Y
property_claim,3690,N
property_claim,11260,N
property_claim,5710,Y
property_claim,6570,Y
property_claim,6860,Y
property_claim,13800,Y
property_claim,3770,N
property_claim,6230,N
property_claim,860,N
property_claim,6210,Y
property_claim,6810,Y
property_claim,0,N
property_claim,4760,N
property_claim,4770,N
property_claim,5690,N
property_claim,7450,N
property_claim,10860,N
property_claim,1240,N
property_claim,7220,Y
property_claim,10160,N
property_claim,1320,N
property_claim,1500,N
property_claim,1180,N
property_claim,11080,Y
property_claim,11660,N
property_claim,11400,N
property_claim,11680,N
property_claim,470,N
property_claim,5640,Y
property_claim,10300,N
property_claim,17880,Y
property_claim,590,N
property_claim,11780,N
property_claim,8520,N
property_claim,630,N
property_claim,6630,Y
property_claim,7210,Y
property_claim,900,N
property_claim,700,N
property_claim,15860,N
property_claim,5280,N
property_claim,3600,N
property_claim,330,N
property_claim,7790,N
property_claim,480,N
property_claim,19950,Y
property_claim,14840,N
property_claim,10860,Y
property_claim,11080,Y
property_claim,14940,N
property_claim,7000,Y
property_claim,14740,N
property_claim,9620,N
property_claim,1180,N
property_claim,9540,Y
property_claim,9320,N
property_claim,12800,Y
property_claim,9000,N
property_claim,6620,N
property_claim,13860,N
property_claim,12760,Y
property_claim,6160,Y
property_claim,17140,N
property_claim,7000,N
property_claim,9900,N
property_claim,5760,N
property_claim,660,N
property_claim,10640,Y
property_claim,4970,Y
property_claim,14120,N
property_claim,12300,N
property_claim,8500,N
property_claim,9360,N
property_claim,8680,N
property_claim,6920,Y
property_claim,410,N
property_claim,6550,N
property_claim,6920,N
property_claim,12260,N
property_claim,4730,N
property_claim,940,N
property_claim,1260,N
property_claim,14160,Y
property_claim,5070,N
property_claim,15280,Y
property_claim,6400,Y
property_claim,4730,N
property_claim,8960,Y
property_claim,17280,Y
property_claim,15040,N
property_claim,5340,N
property_claim,9780,Y
property_claim,10540,N
property_claim,9040,Y
property_claim,0,Y
property_claim,14420,N
property_claim,650,N
property_claim,13040,N
property_claim,620,N
property_claim,1680,N
property_claim,11700,N
property_claim,13240,N
property_claim,21580,Y
property_claim,18180,N
property_claim,5580,N
property_claim,12960,Y
property_claim,6400,N
property_claim,660,N
property_claim,670,N
property_claim,7960,N
property_claim,6700,Y
property_claim,4990,N
property_claim,7400,N
property_claim,1220,N
property_claim,15920,N
property_claim,8560,N
property_claim,11380,N
property_claim,13100,N
property_claim,900,N
property_claim,5110,N
property_claim,16800,N
property_claim,16540,N
property_claim,7440,Y
property_claim,5490,N
property_claim,16120,Y
property_claim,2250,N
property_claim,550,N
property_claim,6720,Y
property_claim,18520,N
property_claim,980,N
property_claim,5610,N
property_claim,11100,N
property_claim,640,N
property_claim,0,N
property_claim,6960,N
property_claim,530,Y
property_claim,650,N
property_claim,11880,N
property_claim,280,N
property_claim,960,N
property_claim,7670,N
property_claim,740,N
property_claim,7150,N
property_claim,2120,N
property_claim,5440,N
property_claim,5980,Y
property_claim,7200,N
property_claim,14460,N
property_claim,880,N
property_claim,1020,N
property_claim,590,N
property_claim,4290,N
property_claim,9720,Y
property_claim,13560,Y
property_claim,14740,Y
property_claim,10520,N
property_claim,720,N
property_claim,6390,Y
property_claim,9260,N
property_claim,5580,Y
property_claim,5620,N
property_claim,8920,N
property_claim,6340,N
property_claim,12980,N
property_claim,14700,N
property_claim,13680,N
property_claim,4330,Y
property_claim,6560,N
property_claim,7230,N
property_claim,4880,N
property_claim,6100,N
property_claim,6910,N
property_claim,14500,N
property_claim,10720,Y
property_claim,6380,N
property_claim,4570,N
property_claim,7150,Y
property_claim,12920,N
property_claim,3530,N
property_claim,5350,N
property_claim,7370,Y
property_claim,630,N
property_claim,10900,N
property_claim,320,N
property_claim,15080,Y
property_claim,6460,N
property_claim,15180,Y
property_claim,590,N
property_claim,6410,N
property_claim,10080,Y
property_claim,14700,Y
property_claim,680,N
property_claim,5960,Y
property_claim,11500,Y
property_claim,9840,N
property_claim,5050,N
property_claim,12820,Y
property_claim,660,N
property_claim,5310,Y
property_claim,350,N
property_claim,5900,Y
property_claim,14120,Y
property_claim,11180,N
property_claim,10480,N
property_claim,1060,N
property_claim,5920,Y
property_claim,7830,N
property_claim,4610,N
property_claim,6270,N
property_claim,8530,N
property_claim,280,N
property_claim,11040,Y
property_claim,11940,N
property_claim,10820,N
property_claim,4170,N
property_claim,7120,N
property_claim,5490,Y
property_claim,11700,Y
property_claim,7090,N
property_claim,7760,N
property_claim,860,Y
property_claim,1240,N
property_claim,5990,Y
property_claim,13260,N
property_claim,6390,N
property_claim,11620,N
property_claim,640,N
property_claim,7420,Y
property_claim,1460,N
property_claim,17120,N
property_claim,11460,N
property_claim,10540,Y
property_claim,15540,N
property_claim,5340,Y
property_claim,12020,N
property_claim,15420,N
property_claim,0,N
property_claim,540,N
property_claim,21240,N
property_claim,640,N
property_claim,21630,N
property_claim,17460,N
property_claim,630,N
property_claim,6580,N
property_claim,4080,Y
property_claim,9600,Y
property_claim,5910,Y
property_claim,7040,N
property_claim,4570,N
property_claim,14680,Y
property_claim,5700,Y
property_claim,7000,N
property_claim,6800,N
property_claim,13000,N
property_claim,15100,N
property_claim,15100,N
property_claim,10720,N
property_claim,3170,N
property_claim,12380,Y
property_claim,6710,N
property_claim,12720,N
property_claim,3280,N
property_claim,4910,N
property_claim,5040,Y
property_claim,8840,N
property_claim,6050,N
property_claim,11960,N
property_claim,4710,Y
property_claim,10120,Y
property_claim,4960,N
property_claim,14120,Y
property_claim,940,N
property_claim,580,N
property_claim,6680,N
property_claim,7250,N
property_claim,4920,N
property_claim,7810,N
property_claim,8710,N
property_claim,4580,N
property_claim,6480,Y
property_claim,12800,N
property_claim,10520,Y
property_claim,960,N
property_claim,11100,Y
property_claim,11820,N
property_claim,6580,N
property_claim,5270,N
property_claim,6150,N
property_claim,14840,Y
property_claim,12980,N
property_claim,3590,Y
property_claim,10440,N
property_claim,13000,N
property_claim,6720,N
property_claim,5750,N
property_claim,5730,N
property_claim,10840,N
property_claim,13800,Y
property_claim,6170,N
property_claim,7810,Y
property_claim,9360,Y
property_claim,450,N
property_claim,6100,Y
property_claim,620,Y
property_claim,720,Y
property_claim,280,N
property_claim,6000,N
property_claim,8900,Y
property_claim,15560,N
property_claim,5840,N
property_claim,8020,N
property_claim,6760,N
property_claim,680,Y
property_claim,10380,N
property_claim,4860,N
property_claim,6620,N
property_claim,4550,N
property_claim,4420,N
property_claim,5080,Y
property_claim,4420,N
property_claim,5720,N
property_claim,5550,Y
property_claim,6270,Y
property_claim,18220,N
property_claim,5460,N
property_claim,5570,N
property_claim,6940,N
property_claim,11420,N
property_claim,6770,N
property_claim,4840,N
property_claim,5720,N
property_claim,10340,N
property_claim,5460,N
property_claim,9540,Y
property_claim,580,N
property_claim,12220,N
property_claim,7490,N
property_claim,290,N
property_claim,6410,N
property_claim,14180,N
property_claim,9180,N
property_claim,4080,Y
property_claim,15060,N
property_claim,15360,Y
property_claim,7980,N
property_claim,9640,N
property_claim,4400,N
property_claim,7860,N
property_claim,580,N
property_claim,650,N
property_claim,1240,N
property_claim,11580,N
property_claim,15760,N
property_claim,780,N
property_claim,11140,N
property_claim,8930,N
property_claim,5560,N
property_claim,500,N
property_claim,14740,N
property_claim,13860,N
property_claim,20280,N
property_claim,14040,N
property_claim,12120,N
property_claim,12960,Y
property_claim,12160,Y
property_claim,5820,N
property_claim,6730,N
property_claim,8710,Y
property_claim,11140,N
property_claim,5670,N
property_claim,0,N
property_claim,6130,Y
property_claim,5850,N
property_claim,6660,N
property_claim,7340,N
property_claim,4650,N
property_claim,1280,Y
property_claim,290,N
property_claim,590,N
property_claim,6370,N
property_claim,13660,N
property_claim,19200,Y
property_claim,580,N
property_claim,1480,N
property_claim,6090,Y
property_claim,9880,N
property_claim,6250,N
property_claim,6150,N
property_claim,13980,N
property_claim,12460,N
property_claim,0,N
property_claim,390,N
property_claim,6750,N
property_claim,4430,N
property_claim,17300,N
property_claim,680,N
property_claim,6650,Y
property_claim,17260,N
property_claim,7950,N
property_claim,13860,Y
property_claim,9920,N
property_claim,5970,Y
property_claim,7690,N
property_claim,6850,N
property_claim,8140,N
property_claim,5310,N
property_claim,3510,N
property_claim,9600,N
property_claim,11820,N
property_claim,11660,Y
property_claim,0,N
property_claim,15080,N
property_claim,1180,N
property_claim,1180,Y
property_claim,5590,N
property_claim,6380,Y
property_claim,7270,Y
property_claim,1260,Y
property_claim,19020,Y
property_claim,6350,N
property_claim,6290,N
property_claim,6630,Y
property_claim,8150,N
property_claim,5000,N
property_claim,8780,N
property_claim,5370,N
property_claim,6330,N
property_claim,11960,N
property_claim,11600,Y
property_claim,250,N
property_claim,9020,N
property_claim,11580,N
property_claim,10300,N
property_claim,6410,Y
property_claim,13380,N
property_claim,0,N
property_claim,6620,N
property_claim,5780,Y
property_claim,6670,N
property_claim,23670,N
property_claim,4980,N
property_claim,14080,N
property_claim,0,N
property_claim,5980,Y
property_claim,6370,N
property_claim,5930,N
property_claim,14520,N
property_claim,12320,N
property_claim,12360,N
property_claim,8900,N
property_claim,820,N
property_claim,5880,N
property_claim,5970,Y
property_claim,10100,N
property_claim,3250,N
property_claim,7140,N
property_claim,14660,Y
property_claim,4780,N
property_claim,640,N
property_claim,7000,N
property_claim,16020,N
property_claim,4340,N
property_claim,10720,N
property_claim,240,N
property_claim,1060,N
property_claim,14340,N
property_claim,300,N
property_claim,6330,N
property_claim,13740,Y
property_claim,15040,N
property_claim,7360,N
property_claim,13180,N
property_claim,620,N
property_claim,11380,N
property_claim,6550,Y
property_claim,11560,N
property_claim,6140,N
property_claim,470,Y
property_claim,13480,N
property_claim,13860,N
property_claim,830,N
property_claim,8740,N
property_claim,11340,N
property_claim,5410,Y
property_claim,7640,N
property_claim,13720,N
property_claim,6900,Y
property_claim,720,N
property_claim,12220,N
property_claim,4250,N
property_claim,7200,N
property_claim,840,Y
property_claim,1260,N
property_claim,8340,N
property_claim,14060,Y
property_claim,450,N
property_claim,860,N
property_claim,2730,Y
property_claim,9760,N
property_claim,3900,N
property_claim,8410,Y
property_claim,6840,N
property_claim,5530,N
property_claim,5770,N
property_claim,16620,N
property_claim,5430,N
property_claim,5380,Y
property_claim,8460,N
property_claim,6970,N
property_claim,7280,N
property_claim,4690,N
property_claim,14380,N
property_claim,15060,Y
property_claim,4740,Y
property_claim,14220,N
property_claim,6940,N
property_claim,10000,Y
property_claim,7860,N
property_claim,19260,Y
property_claim,12240,N
property_claim,13840,N
property_claim,13080,N
property_claim,12380,N
property_claim,670,N
property_claim,510,N
property_claim,510,N
property_claim,14480,Y
property_claim,7090,N
property_claim,6510,N
property_claim,14280,N
property_claim,21810,Y
property_claim,6290,N
property_claim,7690,Y
property_claim,14840,N
property_claim,6500,N
property_claim,500,N
property_claim,1000,Y
property_claim,12100,N
property_claim,6880,N
property_claim,4370,Y
property_claim,7120,N
property_claim,10000,Y
property_claim,550,N
property_claim,11940,N
property_claim,6860,N
property_claim,5750,N
property_claim,1740,N
property_claim,7710,N
property_claim,6600,N
property_claim,4990,N
property_claim,13460,N
property_claim,11180,N
property_claim,13260,N
property_claim,490,N
property_claim,14140,N
property_claim,14940,Y
property_claim,4060,N
property_claim,10060,N
property_claim,8560,N
property_claim,4070,Y
property_claim,3150,N
property_claim,400,N
property_claim,14360,Y
property_claim,1120,N
property_claim,7750,N
property_claim,6070,N
property_claim,1100,N
property_claim,7990,Y
property_claim,5500,Y
property_claim,16040,N
property_claim,4880,N
property_claim,5380,N
property_claim,9060,Y
property_claim,4940,N
property_claim,260,Y
property_claim,1220,N
property_claim,1340,N
property_claim,5080,Y
property_claim,5190,N
property_claim,16300,N
property_claim,0,N
property_claim,5660,N
property_claim,4720,Y
property_claim,4860,N
property_claim,5710,N
property_claim,7040,N
property_claim,13660,N
property_claim,920,N
property_claim,13200,Y
property_claim,15540,Y
property_claim,15540,N
property_claim,12500,Y
property_claim,16560,N
property_claim,8060,N
property_claim,9500,N
property_claim,390,N
property_claim,5940,Y
property_claim,6690,N
property_claim,4360,N
property_claim,12560,N
property_claim,5950,N
property_claim,5940,N
property_claim,7580,N
property_claim,12620,N
property_claim,10480,Y
property_claim,11600,Y
property_claim,8400,N
property_claim,5850,N
property_claim,11040,N
property_claim,8180,N
property_claim,10700,N
property_claim,4040,N
property_claim,3720,N
property_claim,960,N
property_claim,420,N
property_claim,5270,N
property_claim,960,N
property_claim,6930,N
property_claim,4060,N
property_claim,6720,N
property_claim,440,N
property_claim,1100,N
property_claim,4270,Y
property_claim,7320,Y
property_claim,10000,N
property_claim,320,N
property_claim,20550,N
property_claim,12480,N
property_claim,11460,N
property_claim,11540,N
property_claim,4040,Y
property_claim,1200,N
property_claim,9650,N
property_claim,11400,N
property_claim,300,N
property_claim,8600,N
property_claim,10020,N
property_claim,480,N
property_claim,5730,Y
property_claim,7440,Y
property_claim,3530,Y
property_claim,480,N
property_claim,9260,Y
property_claim,7560,Y
property_claim,0,Y
property_claim,6610,N
property_claim,7510,Y
property_claim,19650,Y
property_claim,5710,Y
property_claim,7020,Y
property_claim,1470,N
property_claim,11080,Y
property_claim,9160,Y
property_claim,9900,N
property_claim,11080,Y
property_claim,9980,N
property_claim,12480,N
property_claim,16280,N
property_claim,650,N
property_claim,11160,N
property_claim,1060,N
property_claim,17180,Y
property_claim,1580,N
property_claim,3360,N
property_claim,6440,N
property_claim,0,N
property_claim,7830,Y
property_claim,7470,Y
property_claim,5030,Y
property_claim,8840,N
property_claim,6060,N
property_claim,14240,N
property_claim,16160,N
property_claim,5070,N
property_claim,5690,N
property_claim,8640,N
property_claim,5280,N
property_claim,13800,N
property_claim,1400,N
property_claim,6760,N
property_claim,6800,N
property_claim,13000,Y
property_claim,6510,Y
property_claim,12120,Y
property_claim,20310,Y
property_claim,5860,N
property_claim,13900,N
property_claim,4940,N
property_claim,16460,N
property_claim,730,N
property_claim,6390,N
property_claim,4830,N
property_claim,4610,N
property_claim,7190,N
property_claim,8790,N
property_claim,5340,N
property_claim,9460,N
property_claim,7460,N
property_claim,8060,N
property_claim,11620,N
property_claim,12400,Y
property_claim,6750,Y
property_claim,11920,Y
property_claim,12780,N
property_claim,5000,N
property_claim,6180,N
property_claim,11740,N
property_claim,14100,N
property_claim,5790,N
property_claim,10520,N
property_claim,4200,N
property_claim,6330,N
property_claim,4420,N
property_claim,3520,N
property_claim,20,N
property_claim,6260,N
property_claim,6340,N
property_claim,15120,N
property_claim,13480,N
property_claim,4490,N
property_claim,11560,N
property_claim,680,N
property_claim,920,N
property_claim,6520,Y
property_claim,3850,Y
property_claim,5370,N
property_claim,3160,N
property_claim,8280,Y
property_claim,3870,N
property_claim,530,N
property_claim,9540,Y
property_claim,8400,N
property_claim,5770,N
property_claim,9360,N
property_claim,5550,N
property_claim,8430,Y
property_claim,6140,N
property_claim,5660,N
property_claim,660,N
property_claim,6960,N
property_claim,7950,N
property_claim,5600,N
property_claim,0,Y
property_claim,450,N
property_claim,9600,N
property_claim,5220,N
property_claim,12300,N
property_claim,7820,N
property_claim,9200,Y
property_claim,6340,N
property_claim,520,N
property_claim,5310,Y
property_claim,320,N
property_claim,14580,N
property_claim,14140,N
property_claim,10940,N
property_claim,6800,Y
property_claim,410,N
property_claim,11180,N
property_claim,1440,N
property_claim,4100,N
property_claim,6060,N
property_claim,7640,Y
property_claim,10600,N
property_claim,10420,N
property_claim,5900,N
property_claim,7470,N
property_claim,6050,N
property_claim,15440,Y
property_claim,11100,N
property_claim,6280,Y
property_claim,380,N
property_claim,11300,N
property_claim,560,N
property_claim,1800,N
property_claim,7110,N
property_claim,1080,Y
property_claim,4670,Y
property_claim,5160,N
property_claim,600,N
property_claim,5430,N
property_claim,860,N
property_claim,0,Y
property_claim,3980,N
property_claim,6240,Y
property_claim,10540,N
property_claim,7620,N
property_claim,19470,Y
property_claim,570,N
property_claim,8630,N
property_claim,9360,Y
property_claim,7040,N
property_claim,15180,N
property_claim,5790,N
property_claim,5490,N
property_claim,6620,N
property_claim,10680,N
property_claim,4250,N
property_claim,4450,N
property_claim,10700,N
property_claim,8240,N
property_claim,6780,N
property_claim,7420,N
property_claim,5270,N
property_claim,6820,Y
property_claim,7100,N
property_claim,5930,N
property_claim,13380,Y
property_claim,7420,Y
property_claim,7540,N
property_claim,840,N
property_claim,5850,Y
property_claim,7680,N
property_claim,6610,N
property_claim,4420,Y
property_claim,1540,N
property_claim,10240,N
property_claim,10880,Y
property_claim,9760,N
property_claim,6730,Y
property_claim,6680,Y
property_claim,15580,N
property_claim,4270,Y
property_claim,10220,N
property_claim,13280,N
property_claim,6860,N
property_claim,640,N
property_claim,6060,N
property_claim,5120,N
property_claim,4750,N
property_claim,10780,N
property_claim,440,N
property_claim,1380,N
property_claim,1000,N
property_claim,5520,Y
property_claim,1320,N
property_claim,11760,N
property_claim,11840,N
property_claim,940,N
property_claim,6940,N
property_claim,4050,N
property_claim,10000,N
property_claim,11220,N
property_claim,8410,N
property_claim,6430,Y
property_claim,6440,N
property_claim,16180,N
property_claim,500,N
property_claim,6140,N
property_claim,3720,N
property_claim,7270,N
property_claim,7760,Y
property_claim,7980,N
property_claim,14560,N
property_claim,7910,Y
property_claim,400,N
property_claim,10440,N
property_claim,6330,N
property_claim,6910,Y
property_claim,4020,N
property_claim,10400,N
property_claim,560,N
property_claim,6890,N
property_claim,2970,N
property_claim,860,N
property_claim,16640,Y
property_claim,13580,Y
property_claim,840,N
property_claim,10000,Y
property_claim,6600,Y
property_claim,0,N
property_claim,10280,N
property_claim,10840,N
property_claim,5820,N
property_claim,13520,Y
property_claim,5340,N
property_claim,14360,N
property_claim,0,Y
property_claim,11100,Y
property_claim,860,N
property_claim,8520,N
property_claim,780,N
property_claim,7850,N
property_claim,7870,N
property_claim,7560,N
property_claim,10600,Y
property_claim,4840,N
property_claim,6760,N
property_claim,11360,N
property_claim,470,N
property_claim,5770,N
property_claim,14920,N
property_claim,840,N
property_claim,5020,N
property_claim,4510,N
property_claim,15120,N
property_claim,15660,N
property_claim,4800,N
property_claim,600,N
property_claim,5720,N
property_claim,690,N
property_claim,12320,N
property_claim,480,N
property_claim,780,Y
property_claim,9040,N
property_claim,12580,N
property_claim,10840,Y
property_claim,10360,N
property_claim,1200,N
property_claim,6740,N
property_claim,6780,N
property_claim,11080,Y
property_claim,4910,Y
property_claim,7560,Y
property_claim,12100,N
property_claim,7040,N
property_claim,8880,Y
property_claim,15380,N
property_claim,9920,N
property_claim,7470,N
property_claim,12220,N
property_claim,10380,Y
property_claim,430,N
property_claim,11420,N
property_claim,7690,N
property_claim,7700,Y
property_claim,9280,Y
property_claim,6070,N
property_claim,0,N
property_claim,3810,N
property_claim,5220,N
property_claim,7340,N
property_claim,6020,N
property_claim,1080,N
property_claim,8720,N
property_claim,18080,N
property_claim,7500,N
property_claim,5220,N
property_claim,920,N
vehicle_claim,52080,Y
vehicle_claim,3510,Y
vehicle_claim,23100,N
vehicle_claim,50720,Y
vehicle_claim,4550,N
vehicle_claim,51280,Y
vehicle_claim,50050,N
vehicle_claim,32830,N
vehicle_claim,22160,N
vehicle_claim,32900,N
vehicle_claim,63280,N
vehicle_claim,79560,N
vehicle_claim,42390,N
vehicle_claim,5040,N
vehicle_claim,33600,Y
vehicle_claim,42080,Y
vehicle_claim,40530,N
vehicle_claim,56640,N
vehicle_claim,53040,N
vehicle_claim,48320,N
vehicle_claim,41920,N
vehicle_claim,33110,N
vehicle_claim,47680,Y
vehicle_claim,73620,Y
vehicle_claim,56640,N
vehicle_claim,44000,Y
vehicle_claim,6560,N
vehicle_claim,4160,Y
vehicle_claim,46560,N
vehicle_claim,63450,N
vehicle_claim,50400,N
vehicle_claim,52220,Y
vehicle_claim,23170,N
vehicle_claim,49070,N
vehicle_claim,48600,N
vehicle_claim,37170,Y
vehicle_claim,48160,Y
vehicle_claim,3280,N
vehicle_claim,43610,N
vehicle_claim,38290,Y
vehicle_claim,28000,N
vehicle_claim,64720,Y
vehicle_claim,40180,N
vehicle_claim,39760,N
vehicle_claim,33840,N
vehicle_claim,48230,N
vehicle_claim,63090,N
vehicle_claim,50240,Y
vehicle_claim,5670,N
vehicle_claim,53620,N
vehicle_claim,57260,N
vehicle_claim,5280,N
vehicle_claim,3440,N
vehicle_claim,44870,N
vehicle_claim,1680,N
vehicle_claim,55230,N
vehicle_claim,50160,N
vehicle_claim,1800,N
vehicle_claim,51170,N
vehicle_claim,45760,N
vehicle_claim,54040,Y
vehicle_claim,33210,N
vehicle_claim,39410,N
vehicle_claim,51390,Y
vehicle_claim,45990,Y
vehicle_claim,61740,Y
vehicle_claim,62100,Y
vehicle_claim,30160,N
vehicle_claim,49840,N
vehicle_claim,2580,N
vehicle_claim,49680,Y
vehicle_claim,47670,Y
vehicle_claim,27090,N
vehicle_claim,42840,N
vehicle_claim,28620,N
vehicle_claim,34140,N
vehicle_claim,67050,N
vehicle_claim,38010,N
vehicle_claim,5580,N
vehicle_claim,50540,Y
vehicle_claim,30480,N
vehicle_claim,4620,N
vehicle_claim,5250,N
vehicle_claim,4130,N
vehicle_claim,44320,Y
vehicle_claim,40810,N
vehicle_claim,45600,N
vehicle_claim,40880,N
vehicle_claim,3290,N
vehicle_claim,39480,Y
vehicle_claim,46350,N
vehicle_claim,71520,Y
vehicle_claim,4720,N
vehicle_claim,53010,N
vehicle_claim,68160,N
vehicle_claim,5040,N
vehicle_claim,59670,Y
vehicle_claim,50470,Y
vehicle_claim,3600,N
vehicle_claim,4200,N
vehicle_claim,47580,N
vehicle_claim,36960,N
vehicle_claim,25200,N
vehicle_claim,2310,N
vehicle_claim,70110,N
vehicle_claim,3360,N
vehicle_claim,53200,Y
vehicle_claim,51940,N
vehicle_claim,48870,Y
vehicle_claim,44320,Y
vehicle_claim,52290,N
vehicle_claim,49000,Y
vehicle_claim,51590,N
vehicle_claim,33670,N
vehicle_claim,4720,N
vehicle_claim,33390,Y
vehicle_claim,32620,N
vehicle_claim,51200,Y
vehicle_claim,63000,N
vehicle_claim,52960,N
vehicle_claim,41580,N
vehicle_claim,51040,Y
vehicle_claim,49280,Y
vehicle_claim,51420,N
vehicle_claim,28000,N
vehicle_claim,23100,N
vehicle_claim,28800,N
vehicle_claim,2970,N
vehicle_claim,42560,Y
vehicle_claim,34790,Y
vehicle_claim,56480,N
vehicle_claim,43050,N
vehicle_claim,34000,N
vehicle_claim,32760,N
vehicle_claim,52080,N
vehicle_claim,48440,Y
vehicle_claim,2870,N
vehicle_claim,52400,N
vehicle_claim,55360,N
vehicle_claim,49040,N
vehicle_claim,37840,N
vehicle_claim,3760,N
vehicle_claim,5040,N
vehicle_claim,49560,Y
vehicle_claim,35490,N
vehicle_claim,76400,Y
vehicle_claim,44800,Y
vehicle_claim,37840,N
vehicle_claim,53760,Y
vehicle_claim,77760,Y
vehicle_claim,60160,N
vehicle_claim,32040,N
vehicle_claim,44010,Y
vehicle_claim,42160,N
vehicle_claim,36160,Y
vehicle_claim,37280,Y
vehicle_claim,50470,N
vehicle_claim,4550,N
vehicle_claim,52160,N
vehicle_claim,4340,N
vehicle_claim,3920,N
vehicle_claim,52650,N
vehicle_claim,59580,N
vehicle_claim,75530,Y
vehicle_claim,63630,N
vehicle_claim,44640,N
vehicle_claim,45360,Y
vehicle_claim,44800,N
vehicle_claim,4620,N
vehicle_claim,5360,N
vehicle_claim,31840,N
vehicle_claim,40200,Y
vehicle_claim,34930,N
vehicle_claim,29600,N
vehicle_claim,4270,N
vehicle_claim,47760,N
vehicle_claim,59920,N
vehicle_claim,39830,N
vehicle_claim,58950,N
vehicle_claim,3600,N
vehicle_claim,35770,N
vehicle_claim,67200,N
vehicle_claim,57890,N
vehicle_claim,59520,Y
vehicle_claim,43920,N
vehicle_claim,64480,Y
vehicle_claim,13500,N
vehicle_claim,3850,N
vehicle_claim,53760,Y
vehicle_claim,64820,N
vehicle_claim,3430,N
vehicle_claim,39270,N
vehicle_claim,38850,N
vehicle_claim,5120,N
vehicle_claim,35140,N
vehicle_claim,41760,N
vehicle_claim,4240,Y
vehicle_claim,3900,N
vehicle_claim,41580,N
vehicle_claim,1960,N
vehicle_claim,3840,N
vehicle_claim,61360,N
vehicle_claim,4440,N
vehicle_claim,50050,N
vehicle_claim,12720,N
vehicle_claim,43520,N
vehicle_claim,47840,Y
vehicle_claim,57600,N
vehicle_claim,43380,N
vehicle_claim,6160,N
vehicle_claim,4080,N
vehicle_claim,5310,N
vehicle_claim,21450,N
vehicle_claim,34020,Y
vehicle_claim,61020,Y
vehicle_claim,58960,Y
vehicle_claim,47340,N
vehicle_claim,5040,N
vehicle_claim,51120,Y
vehicle_claim,41670,N
vehicle_claim,44640,Y
vehicle_claim,19670,N
vehicle_claim,31220,N
vehicle_claim,44380,N
vehicle_claim,51920,N
vehicle_claim,51450,N
vehicle_claim,68400,N
vehicle_claim,30310,Y
vehicle_claim,45920,N
vehicle_claim,57840,N
vehicle_claim,43920,N
vehicle_claim,24400,N
vehicle_claim,55280,N
vehicle_claim,50750,N
vehicle_claim,37520,Y
vehicle_claim,57420,N
vehicle_claim,31990,N
vehicle_claim,57200,Y
vehicle_claim,51680,N
vehicle_claim,31770,N
vehicle_claim,42800,N
vehicle_claim,58960,Y
vehicle_claim,5040,N
vehicle_claim,43600,N
vehicle_claim,2240,N
vehicle_claim,52780,Y
vehicle_claim,45220,N
vehicle_claim,68310,Y
vehicle_claim,4130,N
vehicle_claim,51280,N
vehicle_claim,40320,Y
vehicle_claim,58800,Y
vehicle_claim,6120,N
vehicle_claim,41720,Y
vehicle_claim,46000,Y
vehicle_claim,39360,N
vehicle_claim,35350,N
vehicle_claim,38460,Y
vehicle_claim,4620,N
vehicle_claim,37170,Y
vehicle_claim,3150,N
vehicle_claim,47200,Y
vehicle_claim,49420,Y
vehicle_claim,44720,N
vehicle_claim,41920,N
vehicle_claim,4770,N
vehicle_claim,35520,Y
vehicle_claim,54810,N
vehicle_claim,32270,N
vehicle_claim,50160,N
vehicle_claim,59710,N
vehicle_claim,2240,N
vehicle_claim,49680,Y
vehicle_claim,35820,N
vehicle_claim,43280,N
vehicle_claim,29190,N
vehicle_claim,49840,N
vehicle_claim,43920,Y
vehicle_claim,46800,Y
vehicle_claim,49630,N
vehicle_claim,31040,N
vehicle_claim,3010,Y
vehicle_claim,4340,N
vehicle_claim,41930,Y
vehicle_claim,53040,N
vehicle_claim,51120,N
vehicle_claim,46480,N
vehicle_claim,5120,N
vehicle_claim,51940,Y
vehicle_claim,5840,N
vehicle_claim,68480,N
vehicle_claim,34380,N
vehicle_claim,31620,Y
vehicle_claim,69930,N
vehicle_claim,42720,Y
vehicle_claim,48080,N
vehicle_claim,53970,N
vehicle_claim,2700,N
vehicle_claim,4320,N
vehicle_claim,35400,N
vehicle_claim,5760,N
vehicle_claim,57680,N
vehicle_claim,52380,N
vehicle_claim,3780,N
vehicle_claim,46060,N
vehicle_claim,28560,Y
vehicle_claim,38400,Y
vehicle_claim,47280,Y
vehicle_claim,56320,N
vehicle_claim,36560,N
vehicle_claim,58720,Y
vehicle_claim,22800,Y
vehicle_claim,24500,N
vehicle_claim,47600,N
vehicle_claim,58500,N
vehicle_claim,52850,N
vehicle_claim,60400,N
vehicle_claim,48240,N
vehicle_claim,22190,N
vehicle_claim,49520,Y
vehicle_claim,60390,N
vehicle_claim,44520,N
vehicle_claim,26240,N
vehicle_claim,29460,N
vehicle_claim,35280,Y
vehicle_claim,61880,N
vehicle_claim,48400,N
vehicle_claim,47840,N
vehicle_claim,37680,Y
vehicle_claim,40480,Y
vehicle_claim,29760,N
vehicle_claim,56480,Y
vehicle_claim,3760,N
vehicle_claim,2030,N
vehicle_claim,46760,N
vehicle_claim,50750,N
vehicle_claim,34440,N
vehicle_claim,54670,N
vehicle_claim,69680,N
vehicle_claim,41220,N
vehicle_claim,45360,Y
vehicle_claim,44800,N
vehicle_claim,47340,Y
vehicle_claim,4320,N
vehicle_claim,38850,Y
vehicle_claim,47280,N
vehicle_claim,26320,N
vehicle_claim,47430,N
vehicle_claim,49200,N
vehicle_claim,44520,Y
vehicle_claim,38940,N
vehicle_claim,25130,Y
vehicle_claim,36540,N
vehicle_claim,58500,N
vehicle_claim,53760,N
vehicle_claim,46000,N
vehicle_claim,51570,N
vehicle_claim,43360,N
vehicle_claim,48300,Y
vehicle_claim,49360,N
vehicle_claim,54670,Y
vehicle_claim,46800,Y
vehicle_claim,3600,N
vehicle_claim,36600,Y
vehicle_claim,4340,Y
vehicle_claim,2520,Y
vehicle_claim,2240,N
vehicle_claim,42000,N
vehicle_claim,35600,Y
vehicle_claim,46680,N
vehicle_claim,35040,N
vehicle_claim,32080,N
vehicle_claim,54080,N
vehicle_claim,4760,Y
vehicle_claim,46710,N
vehicle_claim,17010,N
vehicle_claim,52960,N
vehicle_claim,31850,N
vehicle_claim,44200,N
vehicle_claim,35560,Y
vehicle_claim,35360,N
vehicle_claim,45760,N
vehicle_claim,38850,Y
vehicle_claim,43890,Y
vehicle_claim,63770,N
vehicle_claim,38220,N
vehicle_claim,44560,N
vehicle_claim,48580,N
vehicle_claim,39970,N
vehicle_claim,40620,N
vehicle_claim,33880,N
vehicle_claim,40040,N
vehicle_claim,36190,N
vehicle_claim,49140,N
vehicle_claim,33390,Y
vehicle_claim,4060,N
vehicle_claim,54990,N
vehicle_claim,52430,N
vehicle_claim,2320,N
vehicle_claim,57690,N
vehicle_claim,56720,N
vehicle_claim,41310,N
vehicle_claim,32640,Y
vehicle_claim,60240,N
vehicle_claim,61440,Y
vehicle_claim,55860,N
vehicle_claim,33740,N
vehicle_claim,17600,N
vehicle_claim,27510,N
vehicle_claim,2320,N
vehicle_claim,3900,N
vehicle_claim,4960,N
vehicle_claim,46320,N
vehicle_claim,70920,N
vehicle_claim,6240,N
vehicle_claim,44560,N
vehicle_claim,53580,N
vehicle_claim,38920,N
vehicle_claim,3500,N
vehicle_claim,66330,N
vehicle_claim,48510,N
vehicle_claim,47320,N
vehicle_claim,63180,N
vehicle_claim,42420,N
vehicle_claim,45360,Y
vehicle_claim,48640,Y
vehicle_claim,46560,N
vehicle_claim,47110,N
vehicle_claim,52260,Y
vehicle_claim,38990,N
vehicle_claim,51030,N
vehicle_claim,44460,N
vehicle_claim,42910,Y
vehicle_claim,40950,N
vehicle_claim,46620,N
vehicle_claim,58720,N
vehicle_claim,32550,N
vehicle_claim,4480,Y
vehicle_claim,2320,N
vehicle_claim,4720,N
vehicle_claim,44590,N
vehicle_claim,54640,N
vehicle_claim,44800,Y
vehicle_claim,2610,N
vehicle_claim,5180,N
vehicle_claim,42630,Y
vehicle_claim,34580,N
vehicle_claim,50000,N
vehicle_claim,43050,N
vehicle_claim,55920,N
vehicle_claim,37380,N
vehicle_claim,42000,N
vehicle_claim,3120,N
vehicle_claim,47250,N
vehicle_claim,39870,N
vehicle_claim,60550,N
vehicle_claim,6120,N
vehicle_claim,59850,Y
vehicle_claim,77670,N
vehicle_claim,55650,N
vehicle_claim,55440,Y
vehicle_claim,39680,N
vehicle_claim,35820,Y
vehicle_claim,61520,N
vehicle_claim,47950,N
vehicle_claim,65120,N
vehicle_claim,42480,N
vehicle_claim,31590,N
vehicle_claim,38400,N
vehicle_claim,35460,N
vehicle_claim,40810,Y
vehicle_claim,57440,N
vehicle_claim,60320,N
vehicle_claim,4720,N
vehicle_claim,4720,Y
vehicle_claim,44720,N
vehicle_claim,51040,Y
vehicle_claim,43620,Y
vehicle_claim,4410,Y
vehicle_claim,66570,Y
vehicle_claim,50800,N
vehicle_claim,44030,N
vehicle_claim,46410,Y
vehicle_claim,57050,N
vehicle_claim,30000,N
vehicle_claim,30730,N
vehicle_claim,48330,N
vehicle_claim,44310,N
vehicle_claim,41860,N
vehicle_claim,52200,Y
vehicle_claim,1750,N
vehicle_claim,40590,N
vehicle_claim,46320,N
vehicle_claim,46350,N
vehicle_claim,44870,Y
vehicle_claim,53520,N
vehicle_claim,4160,N
vehicle_claim,26480,N
vehicle_claim,52020,Y
vehicle_claim,53360,N
vehicle_claim,55230,N
vehicle_claim,34860,N
vehicle_claim,56320,N
vehicle_claim,34320,N
vehicle_claim,35880,Y
vehicle_claim,38220,N
vehicle_claim,41510,N
vehicle_claim,38720,N
vehicle_claim,43120,N
vehicle_claim,55620,N
vehicle_claim,62300,N
vehicle_claim,4920,N
vehicle_claim,41160,N
vehicle_claim,35820,Y
vehicle_claim,45450,N
vehicle_claim,26000,N
vehicle_claim,32130,N
vehicle_claim,58640,Y
vehicle_claim,38240,N
vehicle_claim,2560,N
vehicle_claim,56000,N
vehicle_claim,56070,N
vehicle_claim,39060,N
vehicle_claim,42880,N
vehicle_claim,1440,N
vehicle_claim,5300,N
vehicle_claim,57360,N
vehicle_claim,2100,N
vehicle_claim,63300,N
vehicle_claim,54960,Y
vehicle_claim,60160,N
vehicle_claim,58880,N
vehicle_claim,59310,N
vehicle_claim,4960,N
vehicle_claim,45520,N
vehicle_claim,39300,Y
vehicle_claim,46240,N
vehicle_claim,49120,N
vehicle_claim,3290,Y
vehicle_claim,47180,N
vehicle_claim,62370,N
vehicle_claim,8300,N
vehicle_claim,30590,N
vehicle_claim,34020,N
vehicle_claim,37870,Y
vehicle_claim,53480,N
vehicle_claim,48020,N
vehicle_claim,48300,Y
vehicle_claim,6480,N
vehicle_claim,42770,N
vehicle_claim,34000,N
vehicle_claim,64800,N
vehicle_claim,2940,Y
vehicle_claim,5040,N
vehicle_claim,25020,N
vehicle_claim,49210,Y
vehicle_claim,3600,N
vehicle_claim,3440,N
vehicle_claim,19110,Y
vehicle_claim,39040,N
vehicle_claim,35100,N
vehicle_claim,58870,Y
vehicle_claim,47880,N
vehicle_claim,33180,N
vehicle_claim,40390,N
vehicle_claim,74790,N
vehicle_claim,38010,N
vehicle_claim,21520,Y
vehicle_claim,59220,N
vehicle_claim,55760,N
vehicle_claim,25480,N
vehicle_claim,28140,N
vehicle_claim,50330,N
vehicle_claim,45180,Y
vehicle_claim,33180,Y
vehicle_claim,49770,N
vehicle_claim,48580,N
vehicle_claim,40000,Y
vehicle_claim,35370,N
vehicle_claim,38520,Y
vehicle_claim,42840,N
vehicle_claim,55360,N
vehicle_claim,58860,N
vehicle_claim,43330,N
vehicle_claim,4690,N
vehicle_claim,3570,N
vehicle_claim,3570,N
vehicle_claim,50680,Y
vehicle_claim,49630,N
vehicle_claim,52080,N
vehicle_claim,49980,N
vehicle_claim,50890,Y
vehicle_claim,44030,N
vehicle_claim,69210,Y
vehicle_claim,44520,N
vehicle_claim,52000,N
vehicle_claim,4000,N
vehicle_claim,3500,Y
vehicle_claim,36300,N
vehicle_claim,48160,N
vehicle_claim,34960,Y
vehicle_claim,49840,N
vehicle_claim,35000,Y
vehicle_claim,3850,N
vehicle_claim,53730,N
vehicle_claim,48020,N
vehicle_claim,46000,N
vehicle_claim,6090,N
vehicle_claim,53970,N
vehicle_claim,46200,N
vehicle_claim,39920,N
vehicle_claim,53840,N
vehicle_claim,39130,N
vehicle_claim,59670,N
vehicle_claim,3920,N
vehicle_claim,49490,N
vehicle_claim,52290,Y
vehicle_claim,32480,N
vehicle_claim,25150,N
vehicle_claim,34240,N
vehicle_claim,32560,Y
vehicle_claim,25200,N
vehicle_claim,2400,N
vehicle_claim,57440,Y
vehicle_claim,4480,N
vehicle_claim,62000,N
vehicle_claim,54630,N
vehicle_claim,3850,N
vehicle_claim,63920,Y
vehicle_claim,44000,Y
vehicle_claim,56140,N
vehicle_claim,39040,N
vehicle_claim,43040,N
vehicle_claim,40770,Y
vehicle_claim,39520,N
vehicle_claim,2080,Y
vehicle_claim,4270,N
vehicle_claim,5360,N
vehicle_claim,40640,Y
vehicle_claim,31140,N
vehicle_claim,65200,N
vehicle_claim,39690,N
vehicle_claim,50940,N
vehicle_claim,37760,Y
vehicle_claim,38880,N
vehicle_claim,45680,N
vehicle_claim,56320,N
vehicle_claim,47810,N
vehicle_claim,3680,N
vehicle_claim,39600,Y
vehicle_claim,54390,Y
vehicle_claim,54390,N
vehicle_claim,43750,Y
vehicle_claim,57960,N
vehicle_claim,36270,N
vehicle_claim,76000,N
vehicle_claim,2730,N
vehicle_claim,41580,Y
vehicle_claim,46830,N
vehicle_claim,30520,N
vehicle_claim,43960,N
vehicle_claim,41650,N
vehicle_claim,41580,N
vehicle_claim,26530,N
vehicle_claim,44170,N
vehicle_claim,47160,Y
vehicle_claim,46400,Y
vehicle_claim,33600,N
vehicle_claim,46800,N
vehicle_claim,44160,N
vehicle_claim,49080,N
vehicle_claim,42800,N
vehicle_claim,24240,N
vehicle_claim,26040,N
vehicle_claim,2880,N
vehicle_claim,2940,N
vehicle_claim,42160,N
vehicle_claim,3360,N
vehicle_claim,48510,N
vehicle_claim,24360,N
vehicle_claim,47040,N
vehicle_claim,1760,N
vehicle_claim,4400,N
vehicle_claim,34160,Y
vehicle_claim,29280,Y
vehicle_claim,35000,N
vehicle_claim,2880,N
vehicle_claim,61650,N
vehicle_claim,37440,N
vehicle_claim,45840,N
vehicle_claim,46160,N
vehicle_claim,32320,Y
vehicle_claim,4200,N
vehicle_claim,57900,N
vehicle_claim,45600,N
vehicle_claim,2100,N
vehicle_claim,34400,N
vehicle_claim,40080,N
vehicle_claim,3360,N
vehicle_claim,51570,Y
vehicle_claim,52080,Y
vehicle_claim,28240,Y
vehicle_claim,1680,N
vehicle_claim,46300,Y
vehicle_claim,30240,Y
vehicle_claim,46800,Y
vehicle_claim,59490,N
vehicle_claim,67590,Y
vehicle_claim,45850,Y
vehicle_claim,39970,Y
vehicle_claim,56160,Y
vehicle_claim,2940,N
vehicle_claim,49860,Y
vehicle_claim,36640,Y
vehicle_claim,44550,N
vehicle_claim,38780,Y
vehicle_claim,34930,N
vehicle_claim,49920,N
vehicle_claim,73260,N
vehicle_claim,5200,N
vehicle_claim,33480,N
vehicle_claim,3710,N
vehicle_claim,51540,Y
vehicle_claim,4740,N
vehicle_claim,26880,N
vehicle_claim,51520,N
vehicle_claim,1440,N
vehicle_claim,62640,Y
vehicle_claim,59760,Y
vehicle_claim,35210,Y
vehicle_claim,30940,N
vehicle_claim,54540,N
vehicle_claim,56960,N
vehicle_claim,72720,N
vehicle_claim,40560,N
vehicle_claim,34140,N
vehicle_claim,34560,N
vehicle_claim,42240,N
vehicle_claim,32200,N
vehicle_claim,6300,N
vehicle_claim,47320,N
vehicle_claim,27200,N
vehicle_claim,58500,Y
vehicle_claim,52080,Y
vehicle_claim,42420,Y
vehicle_claim,54160,Y
vehicle_claim,20510,N
vehicle_claim,55600,N
vehicle_claim,34580,N
vehicle_claim,57610,N
vehicle_claim,5840,N
vehicle_claim,51120,N
vehicle_claim,28980,N
vehicle_claim,27660,N
vehicle_claim,57520,N
vehicle_claim,61530,N
vehicle_claim,42720,N
vehicle_claim,33110,N
vehicle_claim,59680,N
vehicle_claim,32240,N
vehicle_claim,34860,N
vehicle_claim,43400,Y
vehicle_claim,40500,Y
vehicle_claim,41720,Y
vehicle_claim,44730,N
vehicle_claim,35000,N
vehicle_claim,43260,N
vehicle_claim,46960,N
vehicle_claim,49350,N
vehicle_claim,34740,N
vehicle_claim,42080,N
vehicle_claim,25200,N
vehicle_claim,50640,N
vehicle_claim,30940,N
vehicle_claim,24640,N
vehicle_claim,70,N
vehicle_claim,43820,N
vehicle_claim,57060,N
vehicle_claim,40320,N
vehicle_claim,60660,N
vehicle_claim,35920,N
vehicle_claim,46240,N
vehicle_claim,2380,N
vehicle_claim,3680,N
vehicle_claim,26080,Y
vehicle_claim,38500,Y
vehicle_claim,42960,N
vehicle_claim,22120,N
vehicle_claim,28980,Y
vehicle_claim,27090,N
vehicle_claim,4240,N
vehicle_claim,42930,Y
vehicle_claim,33600,N
vehicle_claim,46160,N
vehicle_claim,42120,N
vehicle_claim,33300,N
vehicle_claim,67440,Y
vehicle_claim,21490,N
vehicle_claim,39620,N
vehicle_claim,2640,N
vehicle_claim,24360,N
vehicle_claim,63600,N
vehicle_claim,44800,N
vehicle_claim,56980,Y
vehicle_claim,3600,N
vehicle_claim,33600,N
vehicle_claim,36540,N
vehicle_claim,49200,N
vehicle_claim,54740,N
vehicle_claim,32200,Y
vehicle_claim,44380,N
vehicle_claim,3640,N
vehicle_claim,42480,Y
vehicle_claim,2560,N
vehicle_claim,43740,N
vehicle_claim,49490,N
vehicle_claim,43760,N
vehicle_claim,54400,Y
vehicle_claim,2870,N
vehicle_claim,44720,N
vehicle_claim,5040,N
vehicle_claim,32800,N
vehicle_claim,48480,N
vehicle_claim,53480,Y
vehicle_claim,37100,N
vehicle_claim,41680,N
vehicle_claim,41300,N
vehicle_claim,52290,N
vehicle_claim,42350,N
vehicle_claim,61760,Y
vehicle_claim,44400,N
vehicle_claim,50240,Y
vehicle_claim,3420,N
vehicle_claim,45200,N
vehicle_claim,3920,N
vehicle_claim,6300,N
vehicle_claim,56880,N
vehicle_claim,4320,Y
vehicle_claim,37360,Y
vehicle_claim,36120,N
vehicle_claim,4200,N
vehicle_claim,38010,N
vehicle_claim,3870,N
vehicle_claim,48090,Y
vehicle_claim,27860,N
vehicle_claim,43680,Y
vehicle_claim,36890,N
vehicle_claim,53340,N
vehicle_claim,58410,Y
vehicle_claim,4560,N
vehicle_claim,77670,N
vehicle_claim,32760,Y
vehicle_claim,42240,N
vehicle_claim,60720,N
vehicle_claim,46320,N
vehicle_claim,38430,N
vehicle_claim,52960,N
vehicle_claim,42720,N
vehicle_claim,29750,N
vehicle_claim,35600,N
vehicle_claim,37450,N
vehicle_claim,65920,N
vehicle_claim,40680,N
vehicle_claim,59360,N
vehicle_claim,36890,N
vehicle_claim,47740,Y
vehicle_claim,49700,N
vehicle_claim,41510,N
vehicle_claim,46830,Y
vehicle_claim,29680,Y
vehicle_claim,52780,N
vehicle_claim,2940,N
vehicle_claim,40950,Y
vehicle_claim,26880,N
vehicle_claim,46270,N
vehicle_claim,35360,Y
vehicle_claim,5390,N
vehicle_claim,40960,N
vehicle_claim,38080,Y
vehicle_claim,39040,N
vehicle_claim,53840,Y
vehicle_claim,26720,Y
vehicle_claim,54530,N
vehicle_claim,29890,Y
vehicle_claim,40880,N
vehicle_claim,53120,N
vehicle_claim,48020,N
vehicle_claim,5120,N
vehicle_claim,42420,N
vehicle_claim,40960,N
vehicle_claim,38000,N
vehicle_claim,37730,N
vehicle_claim,1980,N
vehicle_claim,6210,N
vehicle_claim,4000,N
vehicle_claim,38640,Y
vehicle_claim,5280,N
vehicle_claim,41160,N
vehicle_claim,47360,N
vehicle_claim,3290,N
vehicle_claim,55520,N
vehicle_claim,32400,N
vehicle_claim,45000,N
vehicle_claim,44880,N
vehicle_claim,58870,N
vehicle_claim,51440,Y
vehicle_claim,51520,N
vehicle_claim,64720,N
vehicle_claim,4500,N
vehicle_claim,21490,N
vehicle_claim,26040,N
vehicle_claim,43620,N
vehicle_claim,31040,Y
vehicle_claim,71820,N
vehicle_claim,43680,N
vehicle_claim,63280,Y
vehicle_claim,2800,N
vehicle_claim,41760,N
vehicle_claim,50640,N
vehicle_claim,55280,Y
vehicle_claim,32160,N
vehicle_claim,41600,N
vehicle_claim,1960,N
vehicle_claim,55120,N
vehicle_claim,23760,N
vehicle_claim,2580,N
vehicle_claim,66560,Y
vehicle_claim,54320,Y
vehicle_claim,3360,N
vehicle_claim,35000,Y
vehicle_claim,39600,Y
vehicle_claim,49120,N
vehicle_claim,35980,N
vehicle_claim,32520,N
vehicle_claim,40740,N
vehicle_claim,47320,Y
vehicle_claim,42720,N
vehicle_claim,43080,N
vehicle_claim,59710,Y
vehicle_claim,38850,Y
vehicle_claim,3870,N
vehicle_claim,29820,N
vehicle_claim,2730,N
vehicle_claim,54950,N
vehicle_claim,55090,N
vehicle_claim,45360,N
vehicle_claim,47700,Y
vehicle_claim,33880,N
vehicle_claim,40560,N
vehicle_claim,45440,N
vehicle_claim,3760,N
vehicle_claim,46160,N
vehicle_claim,59680,N
vehicle_claim,3360,N
vehicle_claim,35140,N
vehicle_claim,31570,N
vehicle_claim,52920,N
vehicle_claim,54810,N
vehicle_claim,33600,N
vehicle_claim,2100,N
vehicle_claim,40040,N
vehicle_claim,5520,N
vehicle_claim,55440,N
vehicle_claim,3360,N
vehicle_claim,2730,Y
vehicle_claim,72320,N
vehicle_claim,44030,N
vehicle_claim,37940,Y
vehicle_claim,36260,N
vehicle_claim,4800,N
vehicle_claim,53920,N
vehicle_claim,47460,N
vehicle_claim,38780,Y
vehicle_claim,34370,Y
vehicle_claim,75600,Y
vehicle_claim,48400,N
vehicle_claim,49280,N
vehicle_claim,39960,Y
vehicle_claim,53830,N
vehicle_claim,34720,N
vehicle_claim,67230,N
vehicle_claim,42770,N
vehicle_claim,36330,Y
vehicle_claim,2580,N
vehicle_claim,34260,N
vehicle_claim,61520,N
vehicle_claim,53900,Y
vehicle_claim,41760,Y
vehicle_claim,42490,N
vehicle_claim,47360,N
vehicle_claim,26670,N
vehicle_claim,41760,N
vehicle_claim,25690,N
vehicle_claim,48160,N
vehicle_claim,4860,N
vehicle_claim,61040,N
vehicle_claim,72320,N
vehicle_claim,52500,N
vehicle_claim,36540,N
vehicle_claim,3680,N
